絆,10,絆,クエストメンバー内に異性がいると発動。&br;・男性ハンターは攻撃力が上がる（武器倍率+5）&br;・女性ハンターは防御力が上がる（防御力+40）
ひらめき,10,ひらめき,クエスト出発時に、ランダムで様々な効果が発動する。（［］内は表示されるメッセージ。発動確率の高い順）
ひらめき,10,ひらめき,各耐性+5［各耐性に強くなった！］&br;暑さ無効＆寒さ無効［気候の変化に強くなった！］&br;気絶無効［気絶しなくなった！］&br;挑発［モンスターに狙われやすくなった・・・］&br;早食い［早食いになった！］&br;各耐性-20［各耐性に弱くなった・・・］&br;状態異常無効［状態異常に強くなった！］
捕獲上手,20,捕獲名人,捕獲上手の効果に加え、&br;モンスターが捕獲可能になるとペイントボールなどによってマップに表示されているアイコンが点滅する
捕獲上手,10,捕獲上手,大型モンスター捕獲時にペットになる確率が上がる
いたわり,45,いたわり+3,いたわり+1の効果に加え、ハンターに攻撃した場合・された場合に怯まなくなる
いたわり,25,いたわり+2,いたわり+1の効果に加え、Ｇ級クエスト以外において、ハンターに攻撃した場合・された場合に怯まなくなる
いたわり,10,いたわり+1,頼狩人（ラスタ）や破狩人（バスタ）の攻撃が、ハンターに命中しなくなる。&br;また、ハンターの攻撃が、頼狩人（ラスタ）や破狩人（バスタ）に命中しなくなる
ブリーダー,10,ブリーダー,マイトレプーギーが落とすアイテムがグレードアップ。ホルクが落とし物をする確率が上がる
救援,10,救援,ラスタ、フォスタ、ホルクの復帰時間が半分になる。レジェンドラスタの復帰時間は変わらない
聴覚保護,25,超高級耳栓,大型モンスターの非常に強いバインドボイス（咆哮）を無効にする&br;ラヴィエンテ（立ち位置によってはダメージあり）&br;通常個体で「高級耳栓」が必要なモンスターの特異個体，イャンガルルガ特異個体
聴覚保護,15,高級耳栓,大型モンスターの強いバインドボイス（咆哮）を無効にする&br;フルフル，モノブロス，ディアブロス，バサルモス，グラビモス，アクラ・ヴァシム&br;ベルキュロス，デュラガウア，グレンゼブル，アビオルグ，クアルセプス&br;ラオシャンロン(最終エリアのみ)，ミラボレアス&br;通常個体で「耳栓」が必要なモンスターの特異個体&br;※バインドボイス【大】＋ダメージあり：ティガレックス，アカムトルム，オルガロン特異個体&br;※バインドボイス【大】＋風圧【大】:エスピナス
聴覚保護,10,耳栓,大型モンスターのバインドボイス（咆哮）を一部無効にする&br;リオレイア，リオレウス，ババコンガ，ドドブランゴ，ラージャン&br;クシャルダオラ，ナナ・テスカトリ，テオ・テスカトル，イャンガルルガ，ルコディオラ&br;無効にできない相手の場合、怯み時間を3/4に短縮
耐震,25,耐震+2,大型モンスターの非常に強い震動まで無効にする&br;ラージャン特異個体，モノブロス特異個体，ドスランポス特異個体(怒り時のみ)&br;オオナズチ特異個体，ショウグンギザミ特異個体，ドラギュロス特異個体，ディアブロス亜種特異個体
耐震,15,耐震+1,震動を無効にする&br;ババコンガ，ドドブランゴ，ラージャン，ヒプノック希少種，ヴォルガノス&br;モノブロス，ディアブロス，シェンガオレン，アクラ・ヴァシム，ラヴィエンテ，ドラギュロス，グレンゼブル，ゴゴモア
風圧,30,暴風圧無効,全ての風圧を無効にする&br;テオ・テスカトル特異個体，オオナズチ特異個体
風圧,20,龍風圧無効,風圧【小】、風圧【大】、龍風圧を無効にする&br;クシャルダオラ，オオナズチ，ナナ・テスカトリ，テオ・テスカトル，ラヴィエンテ(ブレス着弾時)，ルコディオラ&br;通常個体で風圧【大】が必要なモンスターの特異個体
風圧,15,風圧【大】無効,風圧【小】、風圧【大】を無効にする&br;ヒプノック，イャンガルルガ(ブレス着弾時)，リオレイア，リオレウス，モノブロス，ディアブロス&br;グラビモス，エスピナス，ラオシャンロン，ミラボレアス，アクラ・ヴァシム，ベルキュロス&br;デュラガウア，グレンゼブル，クアルセプス&br;通常個体で風圧【小】が必要なモンスターの特異個体
風圧,10,風圧【小】無効,風圧【小】を無効にする&br;イャンクック，ゲリョス，イャンガルルガ，フルフル，バサルモス&br;ダイミョウザザミ，ショウグンギザミ
盗み無効,10,盗み無効,アイテムを盗まれない&br;メラルー，ゲリョス，オオナズチ
耐暑,25,夏男夏女,暑さによる体力減少を無効にし、かつ暑さの影響がある場所では「ダメージ回復速度+1」と同等の効果が発動する。&br;スキル系統「回復速度」のスキルが発動している場合、より効果の高いスキルが優先される
耐暑,15,暑さ無効,暑さによる体力減少を無効にする
耐暑,10,暑さ半減,暑さによる体力減少速度が遅くなる
耐暑,-10,暑さ倍加【小】,暑さによる体力減少速度が速くなる
耐暑,-20,暑さ倍加【大】,暑さによる体力減少速度が大幅に速くなる
耐寒,25,冬将軍,寒さによるスタミナ最大値減少と凍傷を無効にし、かつ寒さの影響がある場所では「ランナー」と同等の効果が発動する。&br;スキル系統「スタミナ」のスキルが発動している場合、より効果の高いスキルが優先される
耐寒,15,寒さ無効,寒さによるスタミナ最大値減少を無効にする
耐寒,10,寒さ半減,寒さによるスタミナ最大値減少速度が遅くなる
耐寒,-10,寒さ倍加【小】,寒さによるスタミナ最大値減少速度が速くなる
耐寒,-20,寒さ倍加【大】,寒さによるスタミナ最大値減少速度が大幅に速くなる
地形,15,地形ダメージ減【大】,溶岩などの地形やテオ・テスカトル等の炎鎧から受けるダメージが大幅に減少する
地形,10,地形ダメージ減【小】,溶岩などの地形やテオ・テスカトル等の炎鎧から受けるダメージが減少する
地形,-10,地形ダメージ増【小】,溶岩などの地形やテオ・テスカトル等の炎鎧から受けるダメージが増大する
地形,-15,地形ダメージ増【大】,溶岩などの地形やテオ・テスカトル等の炎鎧から受けるダメージが大幅に増大する
回避性能,20,回避性能+2,回避の無敵時間が大幅に伸びる
回避性能,10,回避性能+1,回避の無敵時間が伸びる
受け身,10,受け身,ダウン後の起き上がり時の無敵時間が長くなる
審判,20,女神の抱擁,1/4の確率で、受けるダメージが1になる
審判,10,女神の赦し,1/8の確率で、受けるダメージが1になる
審判,-10,死神の裁き,ダメージを受けた時、1/16の確率で即死
審判,-20,死神の抱擁,ダメージを受けた時、1/8の確率で即死
根性,30,真根性,スタミナが50以上かつ、体力が50以上の状態で体力が0以下になる攻撃を受けた場合、体力が1だけ残る(赤ゲージはなし)。&br;ただし麻痺状態を除く。&br;Ｇ級クエストのみ、2回目以降、根性の効果が発動するたびに、自身の攻撃力が徐々に減少する(一定値以下にはならない)&br;ただし、Ｇ級以外のクエストでは、攻撃力減少の効果は発動しない
根性,20,ド根性,スタミナが50以上かつ、体力が70以上の状態で体力が0以下になる攻撃を受けた場合、体力が1だけ残る（赤ゲージはなし）。&br;ただし麻痺状態を除く。&br;さらにＧ級クエストでは発動しない
根性,10,根性,スタミナが50以上かつ、体力が90以上の状態で体力が0以下になる攻撃を受けた場合、体力が1だけ残る（赤ゲージはなし）。&br;ただし麻痺状態を除く。&br;さらにＧ級クエストでは発動しない
警戒,10,警戒,モンスターの落とし穴攻撃を無効化
効果持続,10,アイテム使用強化,特定アイテムの効果持続時間が長くなる
効果持続,-10,アイテム使用弱化,特定アイテムの効果持続時間が短くなる
広域,30,広域化+3,特定アイテム使用時に、同じエリア内のクエストメンバーに同等の効果&br;回復薬グレートと大巌竜の紅血の効果も適用される
広域,20,広域化+2,特定アイテム使用時に、同じエリア内のクエストメンバーに同等の効果
広域,10,広域化+1,特定アイテム使用時に、同じエリア内のクエストメンバーに半分の効果
広域,-10,広域化-1,他者からの回復効果を無効化する&br;自分が使用する分には効果を発揮する（笛、旋律、広域スキル、生命の粉塵、大討伐の支援回復など)
気まぐれ,15,神の気まぐれ,ピッケル、虫あみ、笛の壊れる確率が大幅に下がる
気まぐれ,10,精霊の気まぐれ,ピッケル、虫あみ、笛の壊れる確率が下がる
気まぐれ,-10,悪霊の気まぐれ,ピッケル、虫あみ、笛の壊れる確率が上がる
気まぐれ,-15,悪魔の気まぐれ,ピッケル、虫あみ、笛の壊れる確率が大幅に上がる
投擲,10,投擲技術UP,投擲アイテムの飛距離、速度が上がり、ブーメランが手元に戻ってきやすい
強肩,20,強肩+2,石ころ、ペイントボール、投げナイフなどの一部の投擲アイテムの攻撃力が上昇する
強肩,10,強肩+1,石ころ、ペイントボールなど球体の投擲物を投げた時に威力が上昇する
肉焼き,15,焼き師匠,肉、魚を焼く時に『こんがり』焼ける時間が大幅に長くなる
肉焼き,10,焼き名人,肉、魚を焼く時に『こんがり』焼ける時間が長くなる
肉焼き,-10,自称・焼き名人,肉、魚を焼く時に『こんがり』焼ける時間が短くなる
釣り,10,釣り名人,魚がフェイントなしで餌に食らいつく。アイテム釣りフィーバエと同じ効果
調合成功率,20,調合成功率+30%,調合成功率が30％上がる
調合成功率,15,調合成功率+15%,調合成功率が15％上がる
調合成功率,10,調合成功率+10%,調合成功率が10％上がる
調合成功率,-10,調合成功率-5%,調合成功率が5％下がる
錬金術,10,錬金術,錬金調合ができる
高速設置,20,罠匠,落とし穴やシビレ罠、爆雷針、マカ漬けの壺、肉、爆弾のアイテムの設置速度が大幅に上がる。&br;毒生肉・シビレ生肉・眠り生肉・ネット・落とし穴・シビレ罠・爆雷針の調合成功率が100%になる。
高速設置,10,罠師,落とし穴やシビレ罠、爆雷針、マカ漬けの壺、肉、爆弾のアイテムの設置速度が上がる。&br;毒生肉・シビレ生肉・眠り生肉・ネット・落とし穴・シビレ罠・爆雷針の調合成功率が100%になる。
ナイフ使い,20,スローイングナイフ+2,投げナイフの投擲モーションがさらに追加される。&br;また、クエスト中に投げナイフＧを調合可能になる
ナイフ使い,10,スローイングナイフ+1,投げナイフの投擲モーションが変化する。&br;また、クエスト中に投げナイフＧを調合可能になる
調合師,20,調合師+3,調合成功率+30％、最大数弾生産、回復、効果が同時発動
調合師,15,調合師+2,調合成功率+15％、最大数弾生産、効果が同時発動
調合師,10,調合師+1,調合成功率+10％、最大数弾生産、効果が同時発動
調合師,-10,調合師-1,調合成功率-5％と同じ効果
狩人,20,ハンター満喫,釣り名人、焼き師匠、地図常備、自動マーキングの効果が発動
狩人,10,ハンター生活,釣り名人、焼き師匠、地図常備の効果が発動
鼓舞,20,鼓舞+2,笛吹き名人と、同クエスト内にいる自分も含むハンターに対して回避性能+2と気絶無効の効果が発動
鼓舞,10,鼓舞+1,笛吹き名人と、同クエスト内にいる自分も含むハンターに対して回避性能+1と気絶確率半減の効果が発動
鉄腕,20,鉄腕+2,投擲技術UPと強肩+2とスローイングナイフ+2効果が同時発動
鉄腕,10,鉄腕+1,投擲技術UPと強肩+1とスローイングナイフ+1効果が同時発動
通常弾強化,10,通常弾・連射矢威力UP,ボウガン：通常弾のダメージ1.1倍&br;弓：連射矢のダメージ1.1倍
貫通弾強化,10,貫通弾・貫通矢威力UP,ボウガン：貫通弾のダメージ1.1倍&br;弓：貫通矢のダメージ1.1倍
散弾強化,10,散弾・拡散矢威力UP,ボウガン：散弾のダメージ1.3倍&br;弓：拡散矢のダメージ1.3倍
通常弾追加,15,通常弾全レベル追加,通常弾の全レベルが使用可能になる
通常弾追加,10,通常弾ＬＶ1追加,LV1通常弾が使用可能になる
貫通弾追加,20,貫通弾全レベル追加,貫通弾の全レベルが使用可能になる
貫通弾追加,15,貫通弾ＬＶ1&2追加,LV1&2貫通弾が使用可能になる
貫通弾追加,10,貫通弾ＬＶ1追加,LV1貫通弾が使用可能になる
散弾追加,20,散弾全レベル追加,散弾全レベルが使用可能になる
散弾追加,15,散弾ＬＶ1&2追加,LV1&2散弾が使用可能になる
散弾追加,10,散弾ＬＶ1追加,LV1散弾が使用可能になる
榴弾追加,20,徹甲榴弾全レベル追加,徹甲榴弾の全レベルが使用可能になる
榴弾追加,15,徹甲榴弾ＬＶ1&2追加,LV1&2徹甲榴弾が使用可能になる
榴弾追加,10,徹甲榴弾ＬＶ1追加,LV1徹甲榴弾が使用可能になる
拡散弾追加,20,拡散弾全レベル追加,拡散弾の全レベルが使用可能になる
拡散弾追加,15,拡散弾ＬＶ1&2追加,LV1&2拡散弾が使用可能になる
拡散弾追加,10,拡散弾ＬＶ1追加,LV1拡散弾が使用可能になる
毒瓶追加,10,毒ビン追加,毒ビンが使用可能になる
麻痺瓶追加,10,麻痺ビン追加,麻痺ビンが使用可能になる
睡眠瓶追加,10,睡眠ビン追加,睡眠ビンが使用可能になる
装填数,10,装填数UP,ボウガン：使用可能な全ての弾の最大装填数が1上がる&br;弓：4段階目まで溜める事ができる
速射,10,速射,超速射以外の速射弾の発射数が+1される。&br;一度リロードすると、装填数が減らない（弾は減る）
連射,10,連射,ボウガン：リロード無しで連続して発射できる（速射対応の弾はリロードが必要）&br;代償として反動が大きくなり連射力は落ちる&br;弓：溜めに必要な時間を短縮
装填,20,装填速度+3,ボウガン：リロード速度修正値+3&br;弓：選択ビンが自動的に装着された状態になる
装填,15,装填速度+2,ボウガン：リロード速度修正値+2&br;弓：ビン装着時間を75％に短縮
装填,10,装填速度+1,ボウガン：リロード速度修正値+1&br;弓：ビン装着時間を85％に短縮
装填,-10,装填速度-1,ボウガン：リロード速度修正値-1&br;弓：ビン装着時間を110％に増加
反動,15,反動軽減+2,ボウガン：反動修正値+4&br;※『連射』と『反動軽減+2』が同時に発動した場合は『反動軽減+2』は無効
反動,10,反動軽減+1,ボウガン：反動修正値+2&br;※『連射』と『反動軽減+1』が同時に発動した場合は『反動軽減+1』は無効
精密射撃,20,狙い撃ち,弾の軌道のぶれ幅が小さくなる。&br;特定の弾をクリティカル距離でヒットさせた際のダメージが大きくなる。&br;特定の弾とはクリティカル距離が存在する弾の事である。
精密射撃,10,ぶれ幅DOWN,弾の軌道のぶれ幅が小さくなる
精密射撃,-10,ぶれ幅UP,弾の軌道のぶれ幅が大きくなる
弾調合,10,最大数弾生産,弾を調合する時、必ず最大数で生産できる&br;※所持限界まで自動で作るスキルではない
重銃技,2重,重銃技【大銃仙】,重銃技【銃仙】の攻撃力アップの効果がさらに上がる。
重銃技,30,重銃技【銃仙】,ヘビィボウガンの攻撃力がさらに上がり、属性弾の威力が上昇し、回避の距離が伸びる。&br;近接攻撃に気絶が追加され、徹甲榴弾の気絶値が上昇する。&br;排熱噴射の威力が上昇する。
重銃技,20,重銃技【皆伝】,ヘビィボウガンの攻撃力が上がり、回避の距離が伸びる。
重銃技,10,重銃技【達人】,回避の距離が伸びる。
重銃技,-10,重銃技【未熟】,ヘビィボウガンの攻撃力が下がる。
軽銃技,2重,軽銃技【大銃傑】,軽銃技【銃傑】の攻撃力アップの効果がさらに上がる。
軽銃技,30,軽銃技【銃傑】,ライトボウガンの攻撃力がさらに上がる。&br;弾が跳ね返される確率が下がり、その際に受けるダメージが大幅に減る。&br;武器を出したまま消費アイテムの一部が使用できる。
軽銃技,20,軽銃技【皆伝】,ライトボウガンの攻撃力が上がる。&br;弾が跳ね返される確率が下がり、その際に受けるダメージが大幅に減る。
軽銃技,10,軽銃技【達人】,弾が跳ね返される確率が下がり、その際に受けるダメージが大幅に減る。
軽銃技,-10,軽銃技【未熟】,ライトボウガンの攻撃力が下がる。
弓技,2重,弓技【大弓鬼】,弓技【弓鬼】の攻撃力アップの効果がさらに上がる。
弓技,30,弓技【弓鬼】,弓の攻撃力がさらに上がり、矢がはじかれなくなる。&br;強撃ビンの装着時に上昇する攻撃力がさらに上がる。
弓技,20,弓技【皆伝】,弓の攻撃力が上がり、矢がはじかれなくなる。
弓技,10,弓技【達人】,矢がはじかれなくなる。
弓技,-10,弓技【未熟】,弓の攻撃力が下がる。
装着,30,装着+3,「装填数アップ」と「装填速度+3」効果が同時発動
装着,20,装着+2,「装填数アップ」と「装填速度+2」効果が同時発動
装着,10,装着+1,「装填数アップ」と「装填速度+1」効果が同時発動
地図,10,地図常備,地図を持たなくてもマップが表示される
千里眼,15,自動マーキング,中型以上のモンスターの位置が、常にマップに表示される
千里眼,10,探知,ペイント時にマップに表示される情報が増え、効果時間が長くなる
気配,10,隠密,大型モンスターに発見されにくい・ヘイトの上昇量が減少
気配,-10,挑発,モンスターに狙われやすい・ヘイトの上昇量が増加
体力,40,体力+50,体力の最大値が50上がる
体力,30,体力+40,体力の最大値が40上がる
体力,20,体力+30,体力の最大値が30上がる
体力,15,体力+20,体力の最大値が20上がる
体力,10,体力+10,体力の最大値が10上がる
体力,-10,体力-10,体力の最大値が10下がる
体力,-15,体力-20,体力の最大値が20下がる
体力,-20,体力-30,体力の最大値が30下がる
回復速度,20,ダメージ回復速度+2,体力ゲージの赤い部分の回復速度が大幅に上がる&br;通常の４倍(0.5秒毎回復)
回復速度,10,ダメージ回復速度+1,体力ゲージの赤い部分の回復速度が上がる&br;通常の２倍(1秒毎回復)
回復速度,-10,ダメージ回復速度-1,体力ゲージの赤い部分の回復速度が下がる
回復速度,-20,ダメージ回復速度-2,体力ゲージの赤い部分の回復速度が大幅に下がる
回復,10,体力回復アイテム強化,体力回復アイテムの回復量が1.25倍になる
回復,-10,体力回復アイテム弱化,体力回復アイテムの回復量が0.75倍になる
気力回復,20,スタミナ急速回復【大】,時間経過によるスタミナ回復速度が大きく上がる
気力回復,10,スタミナ急速回復【小】,時間経過によるスタミナ回復速度が上がる
気力回復,-10,スタミナ回復遅延,時間経過によるスタミナ回復速度が下がる
はらへり,15,はらへり無効,スタミナの最大値が減少しない
はらへり,10,はらへり半減,スタミナの最大値が減少しにくい
はらへり,-10,はらへり倍加【小】,1.5倍の速さでスタミナの最大値が減少する
はらへり,-15,はらへり倍加【大】,2倍の速さでスタミナの最大値が減少する
スタミナ,20,絶倫,スタミナの減少速度が遅くなる。&br;回避・ガード時のスタミナ減少が大幅に軽減される。
スタミナ,10,ランナー,スタミナの減少速度が遅くなる&br;回避・ガード時のスタミナ減少が軽減される。
スタミナ,-10,鈍足,スタミナの減少速度が速くなる
食事,10,早食い,肉・回復薬などの経口系アイテムの使用速度が速くなる
食事,-10,スローライフ,肉・回復薬などの経口系アイテムの使用速度が遅くなる
食いしん坊,15,拾い食い,経口アイテムを使用すると、スタミナの最大値が回復
食いしん坊,10,まんぷく,肉を食べた時のスタミナ回復量が上がる
研ぎ師,20,砥匠,砥石使用高速化の効果に加え、斬れ味全回復、30秒間「斬れ味レベル+1」効果&br;斬れ味アップ中の30秒間は斬れ味が落ちない
研ぎ師,10,砥石使用高速化,砥ぎ時間が短縮される
研ぎ師,-10,砥石性能半減,砥石系アイテムの効果が半減する
斬れ味,20,業物+2,斬れ味の消費が半分になる。さらに斬れ味の消費が1の場合、1/2の確率でゼロになる
斬れ味,10,業物+1,斬れ味の消費が半分になる
斬れ味,-10,なまくら,斬れ味の消費が2倍になる
匠,10,斬れ味レベル+1,斬れ味が１段階上がる
爆撃剣,20,爆撃剣+3,剣士系の武器に「爆撃剣晶」が装填可能となる。&br;「爆撃剣晶」装填時には爆撃剣（威力【強】）の効果が発動する。&br;※爆撃剣晶を装填中の攻撃は、３倍の斬れ味を消費する。
爆撃剣,15,爆撃剣+2,剣士系の武器に「爆撃剣晶」が装填可能となる。&br;「爆撃剣晶」装填時には爆撃剣（威力【中】）の効果が発動する。&br;※爆撃剣晶を装填中の攻撃は、３倍の斬れ味を消費する。
爆撃剣,10,爆撃剣+1,剣士系の武器に「爆撃剣晶」が装填可能となる。&br;「爆撃剣晶」装填時には爆撃剣（威力【弱】）の効果が発動する。&br;※爆撃剣晶を装填中の攻撃は、３倍の斬れ味を消費する。
猛毒剣,20,猛毒剣+3,剣士系の武器に「猛毒剣晶」が装填可能となる。&br;「猛毒剣晶」装填時には猛毒剣（蓄積値【強】）の効果が発動する。&br;※猛毒剣晶を装填中の攻撃は、２倍の斬れ味を消費する。
猛毒剣,15,猛毒剣+2,剣士系の武器に「猛毒剣晶」が装填可能となる。&br;「猛毒剣晶」装填時には猛毒剣（蓄積値【中】）の効果が発動する。&br;※猛毒剣晶を装填中の攻撃は、２倍の斬れ味を消費する。
猛毒剣,10,猛毒剣+1,剣士系の武器に「猛毒剣晶」が装填可能となる。&br;「猛毒剣晶」装填時には猛毒剣（蓄積値【弱】）の効果が発動する。&br;※猛毒剣晶を装填中の攻撃は、２倍の斬れ味を消費する。
麻痺剣,20,麻痺剣+3,剣士系の武器に「麻痺剣晶」が装填可能となる。&br;「麻痺剣晶」装填時には麻痺剣（蓄積値【強】）の効果が発動する。&br;※麻痺剣晶を装填中の攻撃は、２倍の斬れ味を消費する。
麻痺剣,15,麻痺剣+2,剣士系の武器に「麻痺剣晶」が装填可能となる。&br;「麻痺剣晶」装填時には麻痺剣（蓄積値【中】）の効果が発動する。&br;※麻痺剣晶を装填中の攻撃は、２倍の斬れ味を消費する。
麻痺剣,10,麻痺剣+1,剣士系の武器に「麻痺剣晶」が装填可能となる。&br;「麻痺剣晶」装填時には麻痺剣（蓄積値【弱】）の効果が発動する。&br;※麻痺剣晶を装填中の攻撃は、２倍の斬れ味を消費する。
睡眠剣,20,睡眠剣+3,剣士系の武器に「睡眠剣晶」が装填可能となる。&br;「睡眠剣晶」装填時には睡眠剣（蓄積値【強】）の効果が発動する。&br;※睡眠剣晶を装填中の攻撃は、２倍の斬れ味を消費する。
睡眠剣,15,睡眠剣+2,剣士系の武器に「睡眠剣晶」が装填可能となる。&br;「睡眠剣晶」装填時には睡眠剣（蓄積値【中】）の効果が発動する。&br;※睡眠剣晶を装填中の攻撃は、２倍の斬れ味を消費する。
睡眠剣,10,睡眠剣+1,剣士系の武器に「睡眠剣晶」が装填可能となる。&br;「睡眠剣晶」装填時には睡眠剣（蓄積値【弱】）の効果が発動する。&br;※睡眠剣晶を装填中の攻撃は、２倍の斬れ味を消費する。
火炎剣,20,火炎剣+3,剣士系の武器に「火炎剣晶」が装填可能となる。&br;「火炎剣晶」装填時には火炎剣（属性値【強】）の効果が発動する。&br;※火炎剣晶を装填中の攻撃は、２倍の斬れ味を消費する。
火炎剣,15,火炎剣+2,剣士系の武器に「火炎剣晶」が装填可能となる。&br;「火炎剣晶」装填時には火炎剣（属性値【中】）の効果が発動する。&br;※火炎剣晶を装填中の攻撃は、２倍の斬れ味を消費する。
火炎剣,10,火炎剣+1,剣士系の武器に「火炎剣晶」が装填可能となる。&br;「火炎剣晶」装填時には火炎剣（属性値【弱】）の効果が発動する。&br;※火炎剣晶を装填中の攻撃は、２倍の斬れ味を消費する。
水激剣,20,水激剣+3,剣士系の武器に「水激剣晶」が装填可能となる。&br;「水激剣晶」装填時には水激剣（属性値【強】）の効果が発動する。&br;※水激剣晶を装填中の攻撃は、２倍の斬れ味を消費する。
水激剣,15,水激剣+2,剣士系の武器に「水激剣晶」が装填可能となる。&br;「水激剣晶」装填時には水激剣（属性値【中】）の効果が発動する。&br;※水激剣晶を装填中の攻撃は、２倍の斬れ味を消費する。
水激剣,10,水激剣+1,剣士系の武器に「水激剣晶」が装填可能となる。&br;「水激剣晶」装填時には水激剣（属性値【弱】）の効果が発動する。&br;※水激剣晶を装填中の攻撃は、２倍の斬れ味を消費する。
雷神剣,20,雷神剣+3,剣士系の武器に「雷神剣晶」が装填可能となる。&br;「雷神剣晶」装填時には雷神剣（属性値【強】）の効果が発動する。&br;※雷神剣晶を装填中の攻撃は、２倍の斬れ味を消費する。
雷神剣,15,雷神剣+2,剣士系の武器に「雷神剣晶」が装填可能となる。&br;「雷神剣晶」装填時には雷神剣（属性値【中】）の効果が発動する。&br;※雷神剣晶を装填中の攻撃は、２倍の斬れ味を消費する。
雷神剣,10,雷神剣+1,剣士系の武器に「雷神剣晶」が装填可能となる。&br;「雷神剣晶」装填時には雷神剣（属性値【弱】）の効果が発動する。&br;※雷神剣晶を装填中の攻撃は、２倍の斬れ味を消費する。
氷結剣,20,氷結剣+3,剣士系の武器に「氷結剣晶」が装填可能となる。&br;「氷結剣晶」装填時には氷結剣（属性値【強】）の効果が発動する。&br;※氷結剣晶を装填中の攻撃は、２倍の斬れ味を消費する。
氷結剣,15,氷結剣+2,剣士系の武器に「氷結剣晶」が装填可能となる。&br;「氷結剣晶」装填時には氷結剣（属性値【中】）の効果が発動する。&br;※氷結剣晶を装填中の攻撃は、２倍の斬れ味を消費する。
氷結剣,10,氷結剣+1,剣士系の武器に「氷結剣晶」が装填可能となる。&br;「氷結剣晶」装填時には氷結剣（属性値【弱】）の効果が発動する。&br;※氷結剣晶を装填中の攻撃は、２倍の斬れ味を消費する。
龍王剣,20,龍王剣+3,剣士系の武器に「龍王剣晶」が装填可能となる。&br;「龍王剣晶」装填時には龍王剣（属性値【強】）の効果が発動する。&br;※龍王剣晶を装填中の攻撃は、２倍の斬れ味を消費する。
龍王剣,15,龍王剣+2,剣士系の武器に「龍王剣晶」が装填可能となる。&br;「龍王剣晶」装填時には龍王剣（属性値【中】）の効果が発動する。&br;※龍王剣晶を装填中の攻撃は、２倍の斬れ味を消費する。
龍王剣,10,龍王剣+1,剣士系の武器に「龍王剣晶」が装填可能となる。&br;「龍王剣晶」装填時には龍王剣（属性値【弱】）の効果が発動する。&br;※龍王剣晶を装填中の攻撃は、２倍の斬れ味を消費する。
片手剣技,2重,片手剣技【大剣聖】,片手剣技【剣聖】の効果に加え、「斬れ味レベル+1」の効果が追加で発動する。
片手剣技,30,片手剣技【剣聖】,片手剣の攻撃力がさらに上がり、攻撃がはじかれなくなる。&br;強撃剣晶以外のすべての剣晶が使用可能になる。&br;（発動するスキルはすべて+2の効果。個別に剣晶のスキルが発動している場合はそちらが優先される。）
片手剣技,20,片手剣技【皆伝】,片手剣の攻撃力が上がり、攻撃がはじかれなくなる。
片手剣技,10,片手剣技【達人】,片手剣の攻撃がはじかれなくなる。
片手剣技,-10,片手剣技【未熟】,片手剣の攻撃力が下がる。
双剣技,2重,双剣技【大双龍】,双剣技【双龍】の効果に加え、「斬れ味レベル+1」の効果が追加で発動する。
双剣技,30,双剣技【双龍】,双剣の攻撃力がさらに上がり、攻撃がはじかれなくなる。&br;鬼人化中にモンスターを攻撃するとスタミナが回復する。
双剣技,20,双剣技【皆伝】,双剣の攻撃力が上がり、攻撃がはじかれなくなる。
双剣技,10,双剣技【達人】,双剣の攻撃がはじかれなくなる。
双剣技,-10,双剣技【未熟】,双剣の攻撃力が下がる。
大剣技,2重,大剣技【大剣王】,大剣技【剣王】の効果に加え、「斬れ味レベル+1」の効果が追加で発動する。
大剣技,30,大剣技【剣王】,大剣の攻撃力がさらに上がり、攻撃がはじかれなくなる。&br;攻撃をガードすると斬れ味が回復する。
大剣技,20,大剣技【皆伝】,大剣の攻撃力が上がり、攻撃がはじかれなくなる。
大剣技,10,大剣技【達人】,大剣の攻撃がはじかれなくなる。
大剣技,-10,大剣技【未熟】,大剣の攻撃力が下がる。
太刀技,2重,太刀技【大刀神】,太刀技【刀神】の効果に加え、「斬れ味レベル+1」の効果が追加で発動する。
太刀技,30,太刀技【刀神】,太刀の攻撃力がさらに上がり、攻撃がはじかれなくなる。&br;錬気ゲージの消費量が半分になる。&br;練気ゲージがMAXの場合、業物+2と同等の効果がある。&br;気刃状態(練気ゲージ点滅)での攻撃力が上がる。
太刀技,20,太刀技【皆伝】,太刀の攻撃力が上がり、攻撃がはじかれなくなる。
太刀技,10,太刀技【達人】,太刀の攻撃がはじかれなくなる。
太刀技,-10,太刀技【未熟】,太刀の攻撃力が下がる。
鎚技,2重,鎚技【大鈍器獣】,鎚技【鈍器獣】の効果に加え、「斬れ味レベル+1」の効果が追加で発動する。
鎚技,30,鎚技【鈍器獣】,ハンマーの攻撃力がさらに上がり、攻撃がはじかれなくなる。&br;溜め攻撃を溜まった瞬間に発動すると攻撃力が上がる。
鎚技,20,鎚技【皆伝】,ハンマーの攻撃力が上がり、攻撃がはじかれなくなる。
鎚技,10,鎚技【達人】,ハンマーの攻撃がはじかれなくなる。
鎚技,-10,鎚技【未熟】,ハンマーの攻撃力が下がる。
狩猟笛技,2重,狩猟笛技【大奏帝】,狩猟笛技【奏帝】の効果に加え、「斬れ味レベル+1」の効果が追加で発動する。
狩猟笛技,30,狩猟笛技【奏帝】,狩猟笛の攻撃力がさらに上がり、攻撃がはじかれなくなる。&br;演奏の効果が確定するタイミングが早くなる。
狩猟笛技,20,狩猟笛技【皆伝】,狩猟笛の攻撃力が上がり、攻撃がはじかれなくなる。
狩猟笛技,10,狩猟笛技【達人】,狩猟笛の攻撃がはじかれなくなる。
狩猟笛技,-10,狩猟笛技【未熟】,狩猟笛の攻撃力が下がる。
槍技,2重,槍技【大天槍】,槍技【天槍】の効果に加え、「斬れ味レベル+1」の効果が追加で発動する。
槍技,30,槍技【天槍】,ランスの攻撃力がさらに上がり、攻撃がはじかれなくなる。&br;ステップが連続で4回まで可能になる。&br;ガード時のダメージが全てゼロになる。
槍技,20,槍技【皆伝】,ランスの攻撃力が上がり、攻撃がはじかれなくなる。
槍技,10,槍技【達人】,ランスの攻撃がはじかれなくなる。
槍技,-10,槍技【未熟】,ランスの攻撃力が下がる。
銃槍技,2重,銃槍技【大砲皇】,銃槍技【砲皇】の効果に加え、「斬れ味レベル+1」の効果が追加で発動する。
銃槍技,30,銃槍技【砲皇】,ガンランスの攻撃力がさらに上がり、攻撃がはじかれなくなる。&br;放熱時間とヒートブレード発動時間が通常の半分になる。&br;砲撃の装填数が上がる（通常型は+2発，放射型と拡散型は+1発）。
銃槍技,20,銃槍技【皆伝】,ガンランスの攻撃力が上がり、攻撃がはじかれなくなる。
銃槍技,10,銃槍技【達人】,ガンランスの攻撃がはじかれなくなる。
銃槍技,-10,銃槍技【未熟】,ガンランスの攻撃力が下がる。
剣術,20,剣術+2,弾かれモーションが全て無効になり、1回の攻撃で2ヒットする。&br;2ヒット目はモーション値・属性値・状態異常値・スタン蓄積値が0.2倍で、斬れ味が減らず剣晶を消費しない。&br;太刀嵐ノ型の貫刺しには効果なし。
剣術,10,剣術+1,弾かれモーションが全て無効になる。
運気,20,激運,クエストクリア時に、報酬が多くもらえる確率が大幅に上がる
運気,10,幸運,クエストクリア時に、報酬が多くもらえる確率が上がる
運気,-10,不運,クエストクリア時に、報酬が多くもらえる確率が下がる
運気,-20,災難,クエストクリア時に、報酬が多くもらえる確率が大幅に下がる
圧力,20,圧力【大】,モンスターの取引価格（クエストクリア時の換金額）が30％?150％の範囲で高くなる
圧力,10,圧力【小】,モンスターの取引価格（クエストクリア時の換金額）が30％高くなる
モンスター,10,でかいの来い！,モンスターのビッグサイズが出やすくなる…かも？
運搬,10,運搬の達人,運搬時に、移動速度が上がる
採取,15,採取+2,アイテム採集ポイントからアイテムを拾えない（枯渇する）確率が大幅に下がる
採取,10,採取+1,アイテム採集ポイントからアイテムを拾えない（枯渇する）確率が下がる
採取,-10,採取-1,アイテム採集ポイントからアイテムを拾えない（枯渇する）確率が上がる
採取,-15,採取-2,アイテム採集ポイントからアイテムを拾えない（枯渇する）確率が大幅に上がる
高速収集,10,高速剥ぎ取り＆採取,剥ぎ取り、採取、虫取り、採掘の速度が上がる
剥ぎ取り,15,剥ぎ取り名人,剥ぎ取り回数が1上がる
剛撃,40,剛撃+5,攻撃力が上がる(武器倍率+150)
剛撃,30,剛撃+4,攻撃力が上がる(武器倍率+80)
剛撃,20,剛撃+3,攻撃力が上がる(武器倍率+50)
剛撃,15,剛撃+2,攻撃力が上がる(武器倍率+35)
剛撃,10,剛撃+1,攻撃力が上がる(武器倍率+20)
攻撃,80,攻撃力UP【絶大】,攻撃力が絶大に上がる(武器倍率+50)
攻撃,50,攻撃力UP【特大】,攻撃力がさらに大幅に上がる(武器倍率+30)
攻撃,25,攻撃力UP【大】,攻撃力が大幅に上がる(武器倍率+20)
攻撃,15,攻撃力UP【中】,攻撃力が上がる(武器倍率+10)
攻撃,10,攻撃力UP【小】,攻撃力が少し上がる(武器倍率+5)
一閃,30,一閃+3,会心率が20％アップし、会心ダメージアップが1.50に変わる
一閃,20,一閃+2,会心率が10％アップし、会心ダメージアップが1.40に変わる
一閃,10,一閃+1,会心率が5％アップし、会心ダメージアップが1.35に変わる
達人,50,見切り+5,会心率が50％上がる
達人,35,見切り+4,会心率が40％上がる
達人,20,見切り+3,会心率が30％上がる
達人,15,見切り+2,会心率が20％上がる
達人,10,見切り+1,会心率が10％上がる
痛撃,20,弱点特効,肉質が35以上の部位に攻撃した時、対象部位の肉質に+5される。ただし属性ダメージは変わらない
痛撃,-10,弱点苦手,肉質が35以上の部位に攻撃した時、対象部位の肉質に-5される。ただし属性ダメージは変わらない
特殊攻撃,10,状態異常攻撃強化,状態異常攻撃（毒/麻痺/睡眠）の属性値を1.125倍にする
火属性攻撃,20,火属性攻撃強化【大】,火属性攻撃値を1.2倍にする
火属性攻撃,10,火属性攻撃強化【小】,火属性攻撃値を1.1倍にする
水属性攻撃,20,水属性攻撃強化【大】,水属性攻撃値を1.2倍にする
水属性攻撃,10,水属性攻撃強化【小】,水属性攻撃値を1.1倍にする
雷属性攻撃,20,雷属性攻撃強化【大】,雷属性攻撃値を1.2倍にする
雷属性攻撃,10,雷属性攻撃強化【小】,雷属性攻撃値を1.1倍にする
氷属性攻撃,20,氷属性攻撃強化【大】,氷属性攻撃値を1.2倍にする
氷属性攻撃,10,氷属性攻撃強化【小】,氷属性攻撃値を1.1倍にする
龍属性攻撃,20,龍属性攻撃強化【大】,龍属性攻撃値を1.2倍にする
龍属性攻撃,10,龍属性攻撃強化【小】,龍属性攻撃値を1.1倍にする
属性攻撃,10,属性攻撃強化,武器・弾の火、水、雷、氷、龍の属性攻撃値が上がる
属性攻撃,-10,属性攻撃弱化,武器・弾の火、水、雷、氷、龍の属性攻撃値が下がる
爆弾強化,10,ボマー,タル爆弾のダメージ1.5倍爆弾系の調合成功率100％
砲術師,35,砲術神,大砲・バリスタ、ガンランスの砲撃と竜撃砲、徹甲榴弾、排熱噴射の威力がさらに大幅に上昇する
砲術師,20,砲術王,大砲・バリスタ、ガンランスの砲撃と竜撃砲、徹甲榴弾、排熱噴射の威力が大幅に上昇する
砲術師,10,砲術師,大砲・バリスタ、ガンランスの砲撃と竜撃砲、徹甲榴弾、排熱噴射の威力が上昇する
笛吹き名人,10,笛吹き名人,角笛系が壊れるのを1/2の確率で回避する。&br;狩猟笛の演奏効果時間を1.5倍にする
体術,20,格闘王,アクション「挑発」のパンチの攻撃力が上昇する。&br;また、キックのモーションが変化し、回し蹴りやドロップキックを放つ
体術,10,体術,キックの攻撃力とアクション「挑発」のパンチの攻撃力が上昇する
底力,30,心配性,体力が40％以下になった場合の防御力上昇量が減り(+42)、&br;更に攻撃力も下がる(0.7倍)
底力,21,火事場力+1,体力が40％以下になった場合の防御力上昇量が増える(+90)
底力,15,火事場力+2,体力が40％以下になると防御力が通常時より上がり、更に攻撃力も上がる&br;※ライトボウガンおよびヘビィボウガンの攻撃力上昇率は、その他の武器種に比べて低い
底力,10,火事場力+1,体力が40％以下になった場合の防御力上昇量が増える(+90)
底力,-15,心配性,体力が40％以下になった場合の防御力上昇量が減り(+42)、&br;更に攻撃力も下がる(0.7倍)
断食,20,餓狼+2,空腹状態(スタミナ25%以下=ゲージ赤状態)かつ強走状態でない時&br;会心率+50%&br;回避性能+2&br;会心補正が1.25倍→1.35倍
断食,10,餓狼+1,空腹状態(スタミナ25%以下=ゲージ赤状態)かつ強走状態でない時&br;会心率+50%&br;回避性能+1
溜め短縮,20,集中+2,大剣やハンマーの溜め時間が短縮され、太刀の練気ゲージとヘビィボウガンの排熱噴射ゲージの溜まる量が増加する
溜め短縮,10,集中+1,大剣やハンマーの溜め時間がやや短縮され、太刀の練気ゲージとヘビィボウガンの排熱噴射ゲージの溜まる量がやや増加する
溜め短縮,-10,雑念,大剣やハンマーの溜め時間がやや長くなり、太刀の練気ゲージとヘビィボウガンの排熱噴射ゲージの溜まる量がやや減少する
武器捌き,10,武器捌き,武器の抜刀・納刀の速度が上がる&br;親方印武器・弓の剛種武器には無効
逆境,20,不撓不屈,クエストの残り復活回数が減るたびに、&br;戦闘不能1回目：攻撃力+15、防御力+100&br;戦闘不能2回目：攻撃力+20、防御力+150、「真根性」発動&br;※大討伐クエスト、キャラバンクエストでは効果を発揮しない。
逆境,10,不屈,クエストの残り復活回数が減るたびに、&br;戦闘不能1回目：攻撃力+5、防御力+50&br;戦闘不能2回目：攻撃力+10、防御力+100、「真根性」発動&br;※大討伐クエスト、キャラバンクエストでは効果を発揮しない。
一匹狼,10,一匹狼,同じエリアにハンター、ラスタがいない場合、攻撃力(倍率)が100上がる。(ホルクは可)
怒,20,ブチギレ,スキル「真根性」と「火事場力+2」効果が同時発動。
怒,15,逆鱗,スキル「真根性」と「火事場力+1」効果が同時発動。
毒,20,毒無効,毒状態にならない
毒,10,毒半減,毒ダメージの進行速度が遅くなる
毒,-10,毒倍加,毒ダメージの進行速度が速くなる
麻痺,20,麻痺無効,麻痺状態にならない
麻痺,10,麻痺半減,麻痺状態の持続時間を半減する
麻痺,-10,麻痺倍加,麻痺状態の持続時間が2倍になる
睡眠,20,睡眠無効,睡眠状態にならない
睡眠,10,睡眠半減,睡眠状態の持続時間を半減する
睡眠,-10,睡眠倍加,睡眠状態の持続時間が2倍になる
耐状態異常,20,状態異常無効,「毒無効」「麻痺無効」「睡眠無効」の効果が同時に発動
耐状態異常,10,状態異常半減,「毒半減」「麻痺半減」「睡眠半減」の効果が同時に発動（上位スキル優先）
耐状態異常,-10,状態異常倍加,「毒倍加」「麻痺倍加」「睡眠倍加」の効果が同時に発動
気絶,20,気絶無効,気絶状態にならない
気絶,10,気絶確率半減,気絶状態になりにくい
気絶,-10,気絶倍加,気絶状態から回復しにくい
脱臭,10,脱臭,一部アイテム使用不可状態にならなくなり、毒状態の時間も半分になる
耐雪,10,耐雪,雪だるま状態にならない
声帯,15,声帯麻痺毒無効,チャット不可状態にならず、対象特殊攻撃を受けた時のスタミナ減少を無効にする
声帯,10,声帯麻痺毒半減,チャット不可状態にならず、対象特殊攻撃を受けた時のスタミナ減少を半減する
対防御DOWN,10,鉄面皮,防御力ＤＯＷＮ状態にならない
耐酔,10,酒豪,状態異常「泥酔」の効果無効
耐酔,-10,酔っ払い,状態異常「泥酔」になった場合の効果時間が長くなる
全耐性UP,20,各耐性+20,各耐性値の合計が20上がる
全耐性UP,15,各耐性+10,各耐性値の合計が10上がる
全耐性UP,10,各耐性+5,各耐性値の合計が5上がる
全耐性UP,-10,各耐性-5,各耐性値の合計が5下がる
全耐性UP,-15,各耐性-10,各耐性値の合計が10下がる
全耐性UP,-20,各耐性-20,各耐性値の合計が20下がる
火耐性,20,火耐性+30,火耐性値の合計が30上がる
火耐性,15,火耐性+20,火耐性値の合計が20上がる
火耐性,10,火耐性+10,火耐性値の合計が10上がる
火耐性,-10,火耐性-10,火耐性値の合計が10下がる
火耐性,-15,火耐性-20,火耐性値の合計が20下がる
火耐性,-20,火耐性-30,火耐性値の合計が30下がる
水耐性,20,水耐性+30,水耐性値の合計が30上がる
水耐性,15,水耐性+20,水耐性値の合計が20上がる
水耐性,10,水耐性+10,水耐性値の合計が10上がる
水耐性,-10,水耐性-10,水耐性値の合計が10下がる
水耐性,-15,水耐性-20,水耐性値の合計が20下がる
水耐性,-20,水耐性-30,水耐性値の合計が30下がる
氷耐性,20,氷耐性+30,氷耐性値の合計が30上がる
氷耐性,15,氷耐性+20,氷耐性値の合計が20上がる
氷耐性,10,氷耐性+10,氷耐性値の合計が10上がる
氷耐性,-10,氷耐性-10,氷耐性値の合計が10下がる
氷耐性,-15,氷耐性-20,氷耐性値の合計が20下がる
氷耐性,-20,氷耐性-30,氷耐性値の合計が30下がる
雷耐性,20,雷耐性+30,雷耐性値の合計が30上がる
雷耐性,15,雷耐性+20,雷耐性値の合計が20上がる
雷耐性,10,雷耐性+10,雷耐性値の合計が10上がる
雷耐性,-10,雷耐性-10,雷耐性値の合計が10下がる
雷耐性,-15,雷耐性-20,雷耐性値の合計が20下がる
雷耐性,-20,雷耐性-30,雷耐性値の合計が30下がる
龍耐性,20,龍耐性+30,龍耐性値の合計が30上がる
龍耐性,15,龍耐性+20,龍耐性値の合計が20上がる
龍耐性,10,龍耐性+10,龍耐性値の合計が10上がる
龍耐性,-10,龍耐性-10,龍耐性値の合計が10下がる
龍耐性,-15,龍耐性-20,龍耐性値の合計が20下がる
龍耐性,-20,龍耐性-30,龍耐性値の合計が30下がる
防御,45,防御+120,防御力が120上がる
防御,35,防御+90,防御力が90上がる
防御,25,防御+60,防御力が60上がる
防御,15,防御+30,防御力が30上がる
防御,10,防御+20,防御力が20上がる
防御,-10,防御-20,防御力が20下がる
防御,-15,防御-30,防御力が30下がる
防御,-20,防御-40,防御力が40下がる
ガード性能,20,ガード性能+2,ガード時ののけぞりにくさが大幅に上がる&br;ガード不可攻撃をガードできる&br;※ガードのできる武器系統のみ有効&br;※ヘビィボウガンのシールドには効果無し
ガード性能,10,ガード性能+1,ガード時ののけぞりにくさが上がる&br;※ガードのできる武器系統のみ有効&br;※ヘビィボウガンのシールドには効果無し
ガード性能,-10,ガード性能-1,ガード時ののけぞりにくさが下がる&br;※ガードのできる武器系統のみ有効&br;※ヘビィボウガンのシールドには効果無し
ガード性能,-15,ガード性能-2,ガード時ののけぞりにくさが大幅に下がる&br;※ガードのできる武器系統のみ有効&br;※ヘビィボウガンのシールドには効果無し
自動防御,10,オートガード,自動的にガードする&br;※ガードのできる武器系統のみ有効&br;※キー入力受付状態でのみ自動でガード&br;※キャラクターのガード可能範囲の攻撃のみ
とんずら,10,とんずら,体力が一定以下になると「逃走」の移動速度が上昇する&br;逃走は用語辞典のジョジョ走りを参照
生命力,30,生命力+3,防御+90、ダメージ回復速度+2、回復、効果が同時発動。回復薬、回復薬グレート、秘薬、いにしえの秘薬の調合成功率が100％になる
生命力,15,生命力+2,防御+45、ダメージ回復速度+1、回復、効果が同時発動。&br;回復薬、回復薬グレート、秘薬、いにしえの秘薬の調合成功率が100％になる
生命力,10,生命力+1,防御+15、ダメージ回復速度+1、回復、効果が同時発動。&br;回復薬、回復薬グレート、秘薬、いにしえの秘薬の調合成功率が100％になる
生命力,-10,生命力-1,体力-10、体力回復アイテム回復弱化、ダメージ回復速度-1効果が同時発動
反射,20,反射+3,反射+2の効果が発動し、反射+2よりダメージが大きい
反射,15,反射+2,反射+1の効果が発動し、反射+1よりダメージが大きい
反射,10,反射+1,モンスターの攻撃をガードしたときに、ハンターの周囲に攻撃判定が出現。モンスターに当たるとダメージを与える
